scores,avg_score
-54.9811029273964,
-56.1752463229186,-44.9811029273964
-58.930258188209,-45.5781746251575
-55.2323132027894,-46.6955358128414
-52.2254919854191,-47.5797301603284
-51.2932021774229,-47.9088825253465
-54.8015032595171,-48.3062691340259
-54.3387733866035,-48.9484454376675
-54.0126580790464,-49.6222364312845
-54.6716189777239,-50.1100610588136
-52.9605638570681,-50.5662168507046
-54.094300427982,-50.783884760374
-54.6083855451978,-51.0597527326747
-54.4803801927566,-51.3327244874842
-53.0540838921856,-51.5575570378608
-51.5429124889698,-51.6573254948158
-52.3767989610179,-51.6501746819504
-51.5241664033136,-51.6929172866014
-52.2044674323286,-51.6835422375299
-51.7364751041714,-51.7109593530456
-51.6631872291134,-51.7122351406019
-52.453916010572,-51.7098995257691
-52.4883718235775,-51.7437184568965
-52.557143507734,-51.7760946902305
-52.3495002060786,-51.8086383909598
-52.3102924438828,-51.8302728635645
-51.4906740982381,-51.8487351551152
-51.9729087012998,-51.8354736344901
-52.5661944595633,-51.8403820297333
-52.7371417582245,-51.8654100445551
-52.2656695961938,-51.894467768344
-51.7415515964623,-51.9064420208553
-52.1836707560991,-51.901289195093
-51.9699132055879,-51.9098462120932
-52.0640112257163,-51.9116128883725
-52.2563773740398,-51.9159671265823
-52.8602600218214,-51.9254229667895
-51.9486901351866,-51.9506888331417
-52.5550433383578,-51.9506362358271
-44.6505453946493,-51.9661338538407
-41.5165421226765,-51.7832441423609
-40.814485433632,-51.5328367760271
-40.0888806473279,-51.2776379345415
-39.0072093782176,-51.0174342766994
-37.9158156105622,-50.7444746199157
-41.0344182453881,-50.4593933085967
-41.173719493898,-50.2545025463531
-41.5387119755554,-50.0612943963008
-41.3065985489587,-49.8837405958686
-41.69296996715,-49.7086968806256
-41.5638319445594,-49.548382342356
-41.9509686343659,-49.3918225306345
-42.8700746420986,-49.2487291864755
-43.2491336368844,-49.1283772139401
-43.2172500326856,-49.0195023328835
-42.949111825403,-48.9140068365163
-42.7563256147356,-48.807490854175
-43.0966833053187,-48.7013300605006
-43.1099298646967,-48.604698219894
-42.447770327806,-48.5115665528568
-43.2281916306345,-48.4105032824393
-42.9557929381811,-48.3255473537212
-43.4381367548425,-48.238938411535
-42.856467875366,-48.1627352106351
-43.3790026689228,-48.0798247835216
-42.3958733470256,-48.007504443297
-41.9125285786604,-47.9224797297171
-41.3028595725022,-47.8327789662685
-39.6857745310343,-47.7367507398896
-39.7498293560054,-47.6200699252685
-39.6253220644708,-47.5076379171362
-39.8695123638213,-47.396619384
-39.7927833107416,-47.292076230942
-39.8138579102107,-47.1893461909392
-39.0116361538645,-47.0896774303889
-39.2232026710143,-46.9819702133685
-39.2789388891378,-46.8798811667586
-39.3438040903304,-46.7811676306856
-39.9809824056607,-46.6858168160657
-39.505715527179,-46.600945494415
-39.4130159399336,-46.5122551198245
-39.4890493363844,-46.4246101916777
-39.4960641552345,-46.3400301812473
-39.7176714508356,-46.2575727592472
-38.9383685443601,-46.1797167912899
-39.7190296566614,-46.0945244589731
-39.5009592962978,-46.0203907984811
-39.5613573467711,-45.9454548042031
-39.7823486039459,-45.8729082421868
-39.3563463718384,-45.8044749878246
-39.3810022891727,-45.7328291143136
-39.3353759053888,-45.6630288195318
-39.8529292226299,-45.5942499835086
-39.2813701615652,-45.5325153516711
-39.7820564690119,-45.4660138070955
-39.6226980211266,-45.406182677221
-39.7540189110788,-45.3459380453867
-39.7093679602255,-45.2882893945175
-39.77175870358,-45.2313616247799
-39.6992622053164,-45.1762141205253
-39.5943093626536,-45.1214446013732
-39.6334803563033,-45.0675766657258
-39.8229397218014,-45.0021590060596
-39.4533555997393,-44.9110858213956
-39.6743419136511,-44.803296245365
-39.896697065808,-44.7077847446474
-39.5265092374096,-44.6038196935312
-39.8770114837511,-44.4710697533101
-39.4890934344153,-44.3264521342816
-39.7681376306743,-44.1812164878353
-39.9923387626711,-44.0321816743648
-39.6536925449875,-43.9024994234209
-39.6814405433537,-43.7580933445909
-39.7219836107073,-43.6088238945725
-39.5173420775356,-43.461239928752
-39.3873346554477,-43.3258725106055
-39.7478644969355,-43.2043167322702
-39.6651412266691,-43.0780273876294
-39.771685247564,-42.959437135863
-39.207382442159,-42.8351093140153
-39.813635753924,-42.7098183873952
-39.0778559958529,-42.5913228726433
-39.5360504397078,-42.4575622724961
-39.9840301907635,-42.3280390586574
-39.5624041012807,-42.2023079254877
-39.3484263670781,-42.0744369644397
-39.8429950205706,-41.9448183036717
-39.5722952448466,-41.828341512895
-39.9810231984505,-41.7043353783305
-39.9037031119293,-41.5784836657194
-39.5182955591536,-41.4501492792564
-39.768995110626,-41.322675538886
-39.3073791334161,-41.2029499740276
-39.1794689255809,-41.0741870578008
-39.291350255253,-40.9462826150007
-39.1991303622355,-40.8185560052961
-39.9623786387283,-40.6879835351781
-39.3531726699538,-40.5590047213471
-39.6233735130064,-40.4330495466948
-39.9617081335975,-40.3037328484413
-39.8813250307083,-40.2568444758308
-40.0218117933605,-40.2404923049111
-39.9172919701156,-40.2325655685084
-39.207783684392,-40.2308496817363
-39.6609753038172,-40.232855424798
-40.1625314124293,-40.2503070217306
-39.8662194474404,-40.241588153401
-40.4409753832395,-40.2285131529364
-39.9988278245765,-40.2175357870132
-39.8545551813624,-40.2044580797694
-39.9988744320064,-40.1860739319115
-39.8147587021462,-40.170424356786
-41.0035069146291,-40.1490622574638
-40.2881160214101,-40.1303965801891
-40.2132316429337,-40.1007864040344
-40.2488361534397,-40.0707462201368
-40.3832241165071,-40.0437434634172
-40.4405981682402,-40.0200124484349
-40.3723206352919,-39.9934515970641
-40.2885803861194,-39.9660755047701
-40.7677154281267,-39.9444836053532
-40.1799947932601,-39.9198788433281
-40.4339808189912,-39.8921208618789
-39.962276055111,-39.8620793025204
-39.9048029864374,-39.8331373843179
-40.3634823936878,-39.798395387493
-39.0237355280537,-39.7780714779596
-39.4493475813392,-39.7491835474536
-40.0393413985905,-39.7306484275419
-39.9839487566073,-39.7341840962175
-39.979320540539,-39.7365252902235
-39.7888615080868,-39.7400652749842
-40.4940848829746,-39.7392587664269
-40.0646575586051,-39.7462717821492
-40.1973071932216,-39.7487797786331
-40.2742452605427,-39.7606364890267
-40.7676978766648,-39.771146914922
-40.5685583901686,-39.7860345047973
-40.716807182636,-39.7982820477956
-41.2045839267085,-39.8056402955654
-40.5635697637431,-39.8226289795607
-41.2819701116373,-39.8341345177988
-41.9754610413391,-39.8520637255513
-41.375844135723,-39.8768576944124
-41.9586201356655,-39.8934394212612
-40.3606036666506,-39.9236419371743
-41.4284574318615,-39.9300576772742
-41.6864477067982,-39.9493326586298
-40.8550511074533,-39.9705835622301
-41.825160429906,-39.9813105872652
-41.3471956940272,-40.0059987278458
-41.2728539132494,-40.0256606618944
-41.3475787733941,-40.045035441973
-41.3992313061853,-40.0599819374806
-41.2459809102047,-40.0811605489268
-41.805804201871,-40.0957997933388
-41.0492908934282,-40.1176308551462
-41.2779835031831,-40.1305835749697
-41.5500022546311,-40.1462697303993
-41.5683539475196,-40.1640521659098
-41.1848133072033,-40.1827430833318
-41.2175535241745,-40.1986481227773
-41.0083556814382,-40.214488854456
-40.8668839121353,-40.2263430140524
-40.737377004722,-40.2404782971764
-40.6553763751113,-40.2511086480871
-40.6728513963881,-40.2586954411801
-40.9995443640702,-40.2701588627699
-41.1086338800855,-40.2813841915731
-41.5298535569985,-40.2975795960298
-41.8987427081257,-40.315196755293
-40.7604179298721,-40.3342607947476
-41.5170568373424,-40.3453280485964
-41.1552406914429,-40.3636842115363
-40.598688368888,-40.3780167823436
-41.7714669767624,-40.3888302452572
-41.4306224914481,-40.4126715684703
-41.2075055114479,-40.4294991484155
-41.4499904375661,-40.4449227912632
-41.2470879305256,-40.4617058431633
-41.2701061873686,-40.4821028980469
-41.551314310224,-40.4966676023814
-40.9830270379968,-40.5214021855251
-40.7115421026795,-40.535871951508
-40.7199735751656,-40.5431470706271
-40.9623633191961,-40.554722765366
-41.0283613103647,-40.5708621348872
-41.2147316339557,-40.5827157977851
-41.485123015902,-40.5991401616762
-41.4417970146966,-40.6141811598507
-41.0431028596257,-40.6295620988784
-41.404612843439,-40.6448101718831
-41.1801046773225,-40.6611663492112
-41.0314707499507,-40.6798936046503
-41.0595663775385,-40.698413622894
-41.2538258960113,-40.7160957841168
-41.6579743357413,-40.7366427394546
-40.9507014002201,-40.7535986964247
-41.1808014852273,-40.7695739837274
-41.5354805466443,-40.7851482634496
-41.1514521108977,-40.8008859875801
-41.3177174586557,-40.813587258382
-41.7099177309292,-40.8265463150349
-41.644496537389,-40.8444725726431
-40.5678680741759,-40.868839701173
-41.6974409534462,-40.8779086288766
-41.7348646137396,-40.8932577242868
-41.8884821422587,-40.9119441759498
-41.290522237045,-40.92641924354
-41.537684531907,-40.9393361876646
-42.1650365047284,-40.9561674811701
-41.9001006309147,-40.9778291018973
-41.3011427839059,-40.998682521185
-41.7707831150083,-41.0016588798778
-41.5309124156231,-41.0164855508138
-41.8550212282806,-41.0296623585406
-41.870301510247,-41.0457242092891
-40.7768777204878,-41.0605949832265
-41.7240836727055,-41.0639577787489
-41.5137996301936,-41.0774754091231
-41.1257701187839,-41.0897276015638
-41.7566312767282,-41.0933081484704
-41.3747778647038,-41.1090745133051
-41.9804304817806,-41.1184824837622
-41.9498396569376,-41.1386640280289
-41.9778188032989,-41.1591143947339
-41.5502447507965,-41.17525775883
-42.3391190678411,-41.2005228510574
-42.2618051795752,-41.2294205659224
-41.262836293338,-41.2516452037323
-41.3098063463828,-41.2644340790996
-41.7243963682244,-41.277738937158
-41.5885468328584,-41.2970942857594
-41.1588766700979,-41.3080389052582
-41.6714671415597,-41.3189810963732
-41.6690609323254,-41.3337226958566
-41.6773653520181,-41.3476708525744
-42.0542853378263,-41.3567675273279
-41.0595562096054,-41.3716247968045
-41.6418561429434,-41.3750522870742
-41.9971562645907,-41.3794250092365
-41.9261257686311,-41.393760874245
-41.5370586498573,-41.400202430815
-42.2103129570432,-41.3958184069001
-40.7682541265265,-41.4041630951133
-41.4964866592128,-41.392259435022
-41.5675269800046,-41.4036182649476
-41.2910331322502,-41.405008960429
-42.0951025652534,-41.4010548146835
-41.974730345767,-41.4134553292615
-41.6158274627358,-41.4149510284201
-41.3413367386208,-41.4176373461072
-41.2378119024581,-41.4183221743609
-41.7860546749447,-41.4172245056516
-41.5069501097465,-41.4210927393392
-41.2350120462892,-41.4237024313346
-41.4624977944637,-41.4179945097788
-41.1105345309,-41.4221265787891
-41.6668395965465,-41.4204520890663
-41.8707203959356,-41.4216204624854
-42.1408656870517,-41.4246441269696
-42.1400784280373,-41.4342046507681
-41.8238751358109,-41.4434298998067
-41.0183570912472,-41.4515850943504
-41.1289956091216,-41.4530998261416
-41.4893866137542,-41.4570160121856
-42.0134400458664,-41.465356114572
-41.357920321969,-41.4787620010668
-42.1877568712483,-41.4823457606457
-41.9591822012642,-41.4931369905574
-41.6533281293866,-41.497430277
-41.4508709271042,-41.4949761312127
-41.6227962675442,-41.501880661185
-41.9303542993429,-41.502938055487
-41.7740043783781,-41.510689191566
-41.7469875927238,-41.5224423516609
-41.9011639979377,-41.5221975578205
-41.5718831661532,-41.5269029728854
-41.4866797828469,-41.5305467494325
-41.5577679927968,-41.5309136428853
-41.5803384748447,-41.534020443508
-41.4497363546278,-41.5371227663827
-41.7495618158691,-41.5361069868268
-41.6656592372485,-41.5437723346055
-41.4306733007723,-41.5533135059512
-41.403142651879,-41.5604205032073
-41.7159769214307,-41.5648282965341
-41.4135639639644,-41.5717044526447
-41.995779467152,-41.5736927759448
-41.5622974348309,-41.5787993404573
-40.8526621660878,-41.5800043446587
-40.943080666494,-41.5780999377233
-40.9732327814632,-41.5734846159538
-41.0535242851972,-41.5714158969953
-41.9686849250262,-41.5716364323477
-41.643775621097,-41.5807276178226
-41.7367538491904,-41.5846271150735
-42.0747896934071,-41.5854149102079
-41.6842610284362,-41.5966557931398
-41.5112174459544,-41.6016903885719
-41.8913507107282,-41.601447757565
-41.2989222753737,-41.6088467435633
-41.6706854066165,-41.6086587917305
-41.4110120440925,-41.6082664684874
-41.0802288616999,-41.6059316235544
-41.4108324231734,-41.6110552314296
-41.3684321925452,-41.6081891461269
-41.837540046811,-41.604524821915
-40.8949355245015,-41.6040154009605
-42.0406321966758,-41.600059533835
-40.9498786415313,-41.6050890104827
-41.6215871933497,-41.5929374318508
-41.3728109480877,-41.5901522974751
-42.0945344941813,-41.5908689791169
-41.6492797288282,-41.5941064929087
-41.7105713345967,-41.5952901660407
-40.7419213198528,-41.5938456671039
-41.5734878903022,-41.5825618651999
-41.9422484854361,-41.5905279668981
-41.2608235445114,-41.5927096150254
-42.1191333347107,-41.5901798541686
-41.2454498495581,-41.6001134863278
-42.0297245281857,-41.5950016720561
-42.0293350540218,-41.6015511386909
-41.7062343632066,-41.6020401844134
-41.5346062604884,-41.5996041314761
-41.6820174338619,-41.5951720060479
-41.7166941843246,-41.5964897328786
-41.7224533212258,-41.5902654840434
-41.120523757472,-41.5848719654599
-42.2661956941347,-41.5834488401013
-41.3351407148236,-41.5930127335788
-41.4477499306347,-41.5891201770448
-41.5159882117413,-41.5877122080226
-42.1968921655507,-41.591283323439
-41.8797035728357,-41.5965375736789
-41.3278183961562,-41.598644000084
-41.9903204395965,-41.5951485305254
-41.6792959070614,-41.5945088815431
-42.0119043630013,-41.6007062785176
-41.2089252859154,-41.6044067607182
-41.9846167519263,-41.5965244509315
-41.7407697058828,-41.5971093607644
-41.5822495060237,-41.5991464713247
-41.8732344688681,-41.5928658368145
-42.1341270353193,-41.6039156402379
-41.1505868910963,-41.610292043999
-41.5409569734264,-41.6061226431099
-41.6995384928658,-41.6086218815216
-41.2021971844655,-41.6046662407978
-41.8157900382372,-41.5969409091848
-41.4992224146749,-41.5989405349398
-41.0130153728369,-41.6005193917003
-41.5127667108898,-41.5982714264041
-41.7703701728472,-41.5955385467636
-41.1162606797836,-41.5981727473945
-42.3869390062063,-41.5969852337295
-41.9043170344731,-41.6062296458469
-41.9864045977757,-41.6141674708827
-41.9056989130736,-41.6173631208949
-40.6690201855361,-41.6177129060663
-41.6893914988352,-41.6029944510512
-41.8464627737332,-41.5984875817591
-41.6218715137437,-41.5987134581384
-41.5513152739028,-41.6047486023633
-41.5343064563566,-41.6089717990112
-41.3209239807603,-41.6094209974372
-40.7901772813851,-41.6024958367861
-41.7838359314912,-41.5968184063803
-41.4447769818874,-41.5927791969827
-41.835659410265,-41.5876351447889
-41.4604062161931,-41.5894584575977
-40.7803820036907,-41.5895538104886
-41.1453325123281,-41.5811296678501
-41.5625089036679,-41.5732794499799
-41.5443355024434,-41.5711644952328
-40.6801215863389,-41.56913797433
-41.6918671849268,-41.556927550214
-41.2096603133481,-41.5581273904018
-40.0587317033427,-41.5553571957068
-39.1371267335452,-41.5403668328122
-39.3930397094239,-41.5159347153992
-38.9956138163483,-41.4953677489472
-39.3181202759071,-41.467828268952
-39.3651579221379,-41.4443528793386
-38.785338711409,-41.4236977255522
-39.5478847140628,-41.3975196861476
-39.5716434578735,-41.3758387640739
-39.1014892945356,-41.357419559013
-38.7175694447317,-41.3284766572868
-38.7997980101056,-41.3000293773858
-39.1636291554169,-41.279500735826
-39.0270193282224,-41.2617062207152
-39.3694141154544,-41.2422440861828
-39.3043251310173,-41.2254029844854
-39.3208876253751,-41.1987593865453
-39.1612721816758,-41.175530506588
-39.6778250795843,-41.1497756899129
-39.1904283277783,-41.1258060437747
-38.6116841621156,-41.1008677167681
-39.1441096585965,-41.0718723839297
-39.1339954294987,-41.0443999734084
-39.0583723544286,-41.0227507049497
-39.728280432147,-40.9966275744278
-38.5464803056251,-40.9798002583083
-38.9618864416623,-40.9544627727476
-39.1994074283009,-40.9299733129325
-38.6993839565628,-40.90828306529
-38.9646582706573,-40.8769015043875
-38.7837168723156,-40.8575987318491
-38.8336333970136,-40.8250295786055
-38.8707008028343,-40.8038671261603
-38.9843698196285,-40.7763582622552
-38.8228469864652,-40.7524738509706
-38.9620990702521,-40.7197569758934
-39.3721333664047,-40.6928851693076
-39.1559407485447,-40.6695007896257
-38.7985419404505,-40.6536409839126
-38.554243983685,-40.6258915244141
-38.647508710513,-40.5920114793966
-39.0777496342383,-40.5658783310566
-39.2577457717468,-40.5354644940519
-38.9633731866013,-40.5155874532738
-38.7049450654806,-40.4849239398579
-38.8003322924404,-40.4516800399725
-39.2040864785402,-40.4226210192649
-39.1221280897,-40.3993158214454
-38.4331920360342,-40.3737169280038
-38.7029303533543,-40.3408819065209
-38.4439051906523,-40.3106866768422
-39.0947674632323,-40.283920491174
-39.4248519477336,-40.2522062088649
-38.9268519129559,-40.233103321194
-38.8578168686088,-40.2078943410172
-39.2105112974431,-40.1813126275859
-38.8228161185066,-40.1514488189048
-38.7813106227236,-40.1208799443616
-38.5107253820556,-40.0954148666272
-39.328513120644,-40.0606189160518
-38.6973923516617,-40.0371110881877
-38.6782850408899,-40.0039659680743
-38.8649581919548,-39.978659565624
-38.4515295240209,-39.9474629800243
-38.5932050081374,-39.9145705782057
-39.28419003379,-39.8846801332268
-38.6863690926468,-39.858789688876
-39.3109690067339,-39.8243121094493
-38.8143928300965,-39.8059159306057
-39.0497344624386,-39.7786502891724
-38.6544606716152,-39.7521522488681
-39.4488158839921,-39.7266748837396
-38.4207073272737,-39.7030051421971
-38.604716855319,-39.6722199913231
-38.9145403105863,-39.6481370061479
-38.6773227423893,-39.6221547421449
-38.6966634736155,-39.5912242678403
-38.9503711309141,-39.5670282957787
-38.8993389456445,-39.5326626170257
-38.8068575892939,-39.5026128361374
-39.0640663967727,-39.4708173660526
-38.9412335419037,-39.4424010408896
-39.2357212510831,-39.4251231744533
-38.2763143733171,-39.4005864719758
-38.5076348777699,-39.3648849879716
-39.1185482243592,-39.3337426216119
-38.3985751019842,-39.3094149511164
-38.7977882122759,-39.2780576375727
-38.8977289096976,-39.2528262798879
-38.7009796547041,-39.233901796171
-39.2312259221421,-39.2030732334031
-39.1169754306706,-39.1809377228057
-38.7632172487884,-39.1537508830097
-38.76756083885,-39.1267789933357
-38.7158250300277,-39.1066507816873
-38.911707314101,-39.0823557068643
-38.8322526934495,-39.0558476909686
-38.4597889110106,-39.0287268628787
-38.8784238642761,-39.0065235361254
-38.2566371839021,-38.9783891029189
-38.7694604451866,-38.9488588716244
-38.7870825213659,-38.9359661590428
-38.5402452567666,-38.9324657169211
-38.537881927185,-38.9239377723945
-38.2908648543946,-38.9193604535028
-38.5352748548051,-38.9090878992877
-37.9390679616797,-38.9007890686144
-38.6539510875489,-38.8923263611171
-38.1399319161578,-38.883387024852
-38.4431191487757,-38.8690699094348
-38.3117567122293,-38.8624862079772
-38.1971817711925,-38.8584280806522
-38.3473889087278,-38.8524019182631
-38.285911350658,-38.8442395157962
-38.001705554628,-38.8368284360205
-38.7193371588752,-38.8231513504123
-38.4863013935283,-38.8173014706908
-38.306488023253,-38.8089556083724
-38.1835059278819,-38.8004077667881
-38.5546496726598,-38.7854645752711
-38.6541340018071,-38.7791067887199
-38.4989965639492,-38.7795312871168
-37.9939184944349,-38.7730801561704
-38.4132787263664,-38.7616793868197
-38.1750828148492,-38.7552284505391
-38.610297575765,-38.7396964743661
-38.2295132155624,-38.7403346470675
-38.1212355828149,-38.7330109148065
-38.4092018170266,-38.7222291963517
-38.2825915143585,-38.7193273749563
-38.7032366579747,-38.7125067073933
-38.6932811434953,-38.7117019052499
-38.5512760232597,-38.7102983827147
-38.4174459352311,-38.707104134919
-38.4774002174699,-38.701434896075
-38.6820641590213,-38.6979804283851
-38.1702941423045,-38.6951800792727
-38.6895750046508,-38.6831616870317
-38.0337355116496,-38.6784980295928
-38.7073701091175,-38.6708499653048
-38.1261639050212,-38.6723812265591
-38.6972612445664,-38.6671677785042
-38.4799598802933,-38.6633628946075
-38.4378560879087,-38.655585035693
-38.3586315530608,-38.650329864706
-38.4276474398496,-38.6468667295818
-38.2120418795328,-38.6431398810559
-38.7167522623893,-38.6332194350658
-38.688621700703,-38.6291656767927
-37.8509635139984,-38.6317199734394
-38.6370155933663,-38.6232003050459
-38.1450702231871,-38.625131409073
-38.0441165924234,-38.6156344366726
-38.5907823494827,-38.6018270831195
-38.3183502838953,-38.5984663874847
-38.4418500734076,-38.5930717216376
-38.0844646122614,-38.5853851093972
-38.0157150105135,-38.5780015943348
-38.4030071978754,-38.5703456382127
-38.5247606921893,-38.5692684563709
-38.172328889266,-38.5612309320863
-38.6224593611939,-38.5559802974624
-38.2378434611397,-38.5554220406654
-37.8913205634984,-38.5491508933573
-38.3281302792871,-38.543548803752
-38.5079560905849,-38.5408980564635
-38.3228056913188,-38.5331357170315
-38.288956709205,-38.5295000830182
-38.7845408974931,-38.5192799600429
-38.0693720213752,-38.5189814407169
-38.7272481645735,-38.5091778163063
-38.0486094201918,-38.5099056912358
-38.6750653748004,-38.4959036265978
-38.5852536329605,-38.4984472070731
-37.9529894188385,-38.4982525748495
-38.6441249619454,-38.488637065932
-38.4757434850749,-38.4883050881276
-38.3659560505125,-38.4860958882422
-38.727355096608,-38.4802517374382
-38.331436186955,-38.4785318989478
-38.1505193546468,-38.4737776849244
-38.4652144063378,-38.4646422145032
-38.5451899404767,-38.4598820231475
-38.4338473884795,-38.4529767100414
-38.9693785125948,-38.4545520401931
-38.4236410512169,-38.4591694765413
-38.021372008841,-38.4522204048099
-38.6206223226084,-38.4484483738785
-38.6931592301989,-38.4466767149818
-38.6392739635274,-38.4446310181868
-38.5091335006718,-38.444013961275
-38.4866040259256,-38.4367930370603
-38.1632393697745,-38.4304893230129
-38.6089466039421,-38.4244895442227
-38.2367742847569,-38.4229034018737
-38.3531978023591,-38.418112894421
-38.4098173203281,-38.4125277993035
-38.8189233473012,-38.4083034455723
-38.4081512665483,-38.4118947899352
-38.2750710700909,-38.4071920639579
-37.8167002935447,-38.4073764028198
-38.4211673453671,-38.3978488013034
-38.8595828146156,-38.3941896495434
-38.29010302671,-38.3973830251219
-38.3930590981893,-38.3949052361172
-38.6144402512371,-38.3959271785551
-38.0860259840463,-38.3967188325194
-38.2210974501328,-38.3981884127431
-38.1179226537743,-38.3938598763689
-38.2586773477059,-38.3936397837451
-38.280381769141,-38.3917953657344
-38.2424406893734,-38.3914816163035
-38.4061982888492,-38.3919342054853
-38.9492475381195,-38.3925222992865
-38.8332610295849,-38.3991556611612
-38.0925720094679,-38.4074712159107
-38.5117474041373,-38.4012035644167
-38.7123015250032,-38.4014580245227
-38.3728594410062,-38.4055161595402
-38.6263837627617,-38.4074096946715
-38.8156614801764,-38.4081270355725
-38.8031401378246,-38.4097423103562
-38.0830963641481,-38.412783746095
-38.4653140874393,-38.4136755247921
-38.8265049917957,-38.4141958784028
-38.5705564186427,-38.4207101001723
-38.3625995156739,-38.4203126886011
-38.7781778016549,-38.4216435516022
-38.3919394999714,-38.4282129737906
-39.178277542991,-38.42804035062
-38.4411910423563,-38.4369972109063
-38.359412585219,-38.4343767547502
-38.7842940124659,-38.4310380691674
-38.6433987282121,-38.4333682490595
-38.463495096939,-38.4356277769893
-38.8155296301879,-38.435488725784
-38.4187173314606,-38.4368233804956
-39.0790501390278,-38.4393076123872
-37.8308400097227,-38.443202363731
-38.576978086761,-38.4411734087117
-38.4758997894753,-38.4398694884881
-38.9265074808916,-38.4433668473327
-38.3360020620529,-38.4456593096959
-38.4520354996674,-38.4442197315135
-38.685598280805,-38.4443615256311
-38.8386862339944,-38.4476311929085
-38.6177191881955,-38.45174158085
-39.0103162702901,-38.4557983539366
-38.4585576597523,-38.4587339940156
-38.7452972565875,-38.4564333536061
-38.1719651944448,-38.465376691032
-38.3683792007502,-38.4607261870428
-38.839994505874,-38.4629592768184
-38.5465426704694,-38.4709180559529
-38.4320391169234,-38.4704756591628
-38.9534938046539,-38.4716125474931
-38.9626956286906,-38.4767289848055
-38.7232490778272,-38.4855112949698
-38.2588644663902,-38.492586635643
-38.6528168635452,-38.4911452083281
-38.2573157708432,-38.4924257700417
-38.5691945825022,-38.4932756388574
-38.1743795931244,-38.4927429910705
-38.5654264307811,-38.4921083523904
-38.1893167663808,-38.4988494110632
-39.3937728843725,-38.4974612759341
-38.776320788611,-38.506319443872
-38.5668033850012,-38.5108545948449
-38.7021228013971,-38.5136330616029
-38.4140323249346,-38.5128088806419
-38.5701128987281,-38.5162554836775
-38.7677798192865,-38.5146841310191
-39.0745413190313,-38.52187583501
-38.518872672671,-38.5258705944523
-38.6499545847209,-38.5252067848494
-39.369309110873,-38.5321764365083
-38.9025440184961,-38.5394282779975
-38.624359011753,-38.5436962833318
-38.4918859022991,-38.5462803129442
-38.6454188348814,-38.5439256210011
-39.0783091394833,-38.5470654474803
-38.5436742684132,-38.5563433453287
-38.5837185793084,-38.5571279439495
-38.1435996180447,-38.5575132303378
-38.3599104886862,-38.5546107526334
-38.7566781779738,-38.5485160723943
-38.5949966753441,-38.5518464436619
-38.6216287883642,-38.5575826903269
-39.1084473565458,-38.5575927549845
-38.8892972314199,-38.561745636248
-38.3873683759244,-38.5642458689269
-38.8011596687781,-38.5630282176794
-38.574031591951,-38.5661737741079
-38.4485338213675,-38.5702816963297
-38.6975305389119,-38.568677568504
-39.2352012379598,-38.5732851310455
-38.7371451352633,-38.5821051654015
-38.5566801833396,-38.5853784435509
-38.9619211261534,-38.5827560119113
-38.2460606411888,-38.5882937105073
-38.9163274224977,-38.5880036062183
-38.9090369999991,-38.5989998775078
-38.5464166493972,-38.6038785740541
-38.9054709648939,-38.6007469124019
-38.6896695457764,-38.6069005917838
-38.8005884976285,-38.6098666962597
-38.8322678827453,-38.6117281787236
-39.1225449968379,-38.6191905977106
-38.8701469281966,-38.6282050731776
-38.3936341143378,-38.6357273159218
-38.3646219659909,-38.6370768835882
-38.6221102511577,-38.6379192855566
-38.5926120411695,-38.6417159811745
-38.5698205385356,-38.6435801186977
-38.7361250910374,-38.6397858487019
-38.911683294002,-38.6388144893164
-38.362428693245,-38.6470056021617
-39.1489611346246,-38.6455124150528
-38.68058291345,-38.649879011149
-38.8320322224759,-38.6529562458735
-38.9294083581585,-38.6550127304706
-38.573777216915,-38.6561501992504
-39.0086637345551,-38.6538565700413
-38.7501578852434,-38.6631122437454
-38.774489804079,-38.6659606817234
-38.8441020498865,-38.6654405298463
-39.1832933580616,-38.6681759861587
-39.1617039938452,-38.6763829245826
-38.7551578689641,-38.6802181865045
-39.1482438353471,-38.6838503701944
-38.7748746166932,-38.683550033118
-38.5265385691328,-38.6868868688613
-38.9831154285512,-38.6885581287005
-38.7150236554364,-38.6905463428613
-38.7922755650055,-38.6912625921336
-38.6543760996569,-38.6945503968142
-38.9093373744705,-38.6929388615089
-39.1589392914178,-38.697845061939
-38.2609432931289,-38.6986439534629
-38.433530578556,-38.702944986297
-38.6696555639712,-38.7015105112149
-38.6739517391854,-38.7034480689599
-38.8092125004435,-38.7009225115428
-38.8197031238835,-38.7056546159268
-38.5565831418848,-38.7093312921689
-39.0102991151175,-38.7080411407797
-38.8232144947696,-38.7097572695909
-38.7825819026058,-38.7118122226567
-38.4790755062333,-38.7095348789798
-38.4866470105715,-38.7097400574446
-38.4961843748362,-38.7071535549845
-38.3899715890054,-38.7103957467884
-38.7616665748416,-38.7106116706709
-38.9036221781624,-38.7098283913606
-38.4197101496977,-38.7133991864376
-39.1793976525586,-38.7132758967653
-38.5099241805814,-38.7155349352443
-38.5586040980469,-38.7110072207633
-39.6845264649138,-38.7093607709655
-38.8732249817159,-38.7236173909507
-38.8006475713239,-38.7258214721324
-39.2973794944386,-38.7312547901372
-38.6354995034536,-38.7385366392566
-38.9016117008051,-38.7431478383599
-38.4611946848964,-38.7465096910601
-39.0126065888927,-38.7492284702452
-38.5898483316209,-38.7454168072904
-39.0795487194379,-38.7435520827205
-38.139745175179,-38.7486795360649
-39.0138746263185,-38.7430557598027
-38.7859533513381,-38.7490541828166
-38.8608372534512,-38.7512125873427
-38.9735215655482,-38.7521431616843
-38.8303177657212,-38.7511329641495
-38.5920609658958,-38.75424741508
-38.7065316390096,-38.7536684788917
-38.7506643497811,-38.7470407041731
-39.3190082648043,-38.745521907486
-38.5609497768433,-38.7524684000165
-38.7983307910709,-38.7531590387619
-39.4758701665265,-38.7546881583238
-39.1749462146788,-38.7586637685942
-38.942859307056,-38.7649764880569
-38.4246662433191,-38.7685678953344
-39.3405865269836,-38.7713785615871
-38.8358785393798,-38.7811853219701
-38.8249400614452,-38.7819773255842
-38.8288657667692,-38.7842767594452
-38.3438750083216,-38.7863491292292
-39.2569612983476,-38.778703405747
-39.0817526205828,-38.7823800464162
-39.0978774590675,-38.7893238888628
-38.6334477955019,-38.7922910667657
-38.4838485277994,-38.7928852288012
-38.9711839448883,-38.7932383758656
-39.0014353119305,-38.7959749099253
-39.0351360620138,-38.793637250665
-39.0902663209112,-38.7966171599325
-39.1939959530827,-38.8019530213082
-39.0492106011293,-38.8042737695775
-39.2523692273975,-38.8123052691769
-38.7613436797782,-38.8156656872259
-39.6034573528604,-38.8141887540237
-39.0648961290489,-38.8247591610584
-39.0549580036072,-38.8263534126999
-39.1627749334584,-38.8300062972782
-38.592427250242,-38.8336281616365
-39.4663960605855,-38.8312297553115
-39.0152963371434,-38.834668265949
-39.3763685646997,-38.8361197600384
-39.3047863280698,-38.845947104542
-39.2939471167071,-38.8553487481628
-38.9176277132976,-38.8620671168183
-38.4455036302885,-38.8653172735396
-39.7571385172921,-38.8640741044571
-39.4362000331923,-38.8742842387197
-39.0007091391609,-38.8795294061116
-39.2411264971236,-38.8859122105708
-39.0974044889402,-38.8868338641957
-39.4053653964672,-38.8910020799507
-39.4903235905243,-38.8967354116906
-39.1865962252809,-38.9023445640142
-39.126317981756,-38.9084727540979
-39.7954611919718,-38.9096492965699
-39.2319624281446,-38.9201023296372
-39.2861236711468,-38.9246770558778
-38.5584228770456,-38.9290972720904
-38.9020588839998,-38.9228485672803
-39.2982863390754,-38.9202521161818
-39.5745942171982,-38.9256834008829
-39.819213154069,-38.9299469047014
-38.8467049579019,-38.9403902900752
-39.0918489092034,-38.9435919539629
-38.7635606859589,-38.9446792887694
-39.2456237133827,-38.9451646590746
-39.4848681954247,-38.9496981405584
-38.9568261651137,-38.9580030615161
-38.8796578492821,-38.9584779494225
-38.9322561571131,-38.9556851350012
-39.5107440219252,-38.962398263641
-39.4983910096308,-38.9731703980747
-39.2900669697907,-38.9814577525313
-39.6329856245372,-38.9876189048373
-38.8756945830458,-38.9958566360783
-39.2832849686521,-38.9964165506699
-38.9515293977512,-39.0036835689376
-39.1747095379748,-39.0030958717639
-39.5748964553562,-39.006610822196
-39.13565313744,-39.0145339677235
-38.969567354224,-39.0210997440355
-39.255891612467,-39.0259289474721
-39.7152334809495,-39.0335260198484
-39.33336729419,-39.0467786387678
-39.4102671426512,-39.0524956459613
-39.4282832709266,-39.0575620956062
-39.2807676833014,-39.0676478268185
-39.3639477805072,-39.0686615271259
-39.6488248917428,-39.0772017631251
-39.3477854969648,-39.0881039710621
-39.2528239485936,-39.0847365613826
-39.4694926894388,-39.0885325510514
-39.4599254025925,-39.0952210022325
-39.408388967833,-39.0968464613141
-39.3295534445008,-39.1045753559579
-39.1648779827403,-39.1088547733948
-39.6500908506312,-39.1158916063733
-39.5275542063522,-39.1222664489907
-39.0518352378433,-39.131643507738
-39.2574881160301,-39.131366372922
-39.1548648030809,-39.1425438023305
-39.4252104890465,-39.1439537040982
-39.690294115591,-39.1503462754752
-39.1944962976945,-39.1586408440966
-38.9067605914339,-39.1608505914181
-39.049791201032,-39.1616150196752
-39.2634810095937,-39.1661923220266
-39.8827580248051,-39.1717618157324
-38.6334229903018,-39.1830827524827
-39.0611048802563,-39.1762268997377
-38.9770302683958,-39.1812284507718
-38.9893044978036,-39.183015445545
-38.8052659565359,-39.1781497888578
-39.2465924645413,-39.1744529862764
-39.5765358404753,-39.1774903178512
-39.5624105042574,-39.1890090138228
-39.5139501799309,-39.1912272535955
-39.8893073484522,-39.198007970001
-39.8231055724884,-39.2086516428711
-38.6499347363044,-39.2185940409283
-39.2614055929527,-39.2216546382081
-38.9516406516806,-39.2216990811542
-39.2519085283289,-39.2203979614652
-39.4556872128355,-39.2219382721578
-39.2396104327115,-39.2301606663311
-38.8186739756073,-39.2377182853802
-39.0689014135958,-39.2361931856874
-38.8003448066611,-39.2368678467041
-39.8932375481325,-39.2345199341506
-39.722349299724,-39.2425496464228
-38.734026104786,-39.2478331798892
-39.401904431287,-39.2446813349258
-39.0747261863939,-39.2461766869646
-39.6450514078605,-39.2493105120308
-39.3196183103166,-39.2497264525808
-39.1999234877558,-39.2522736743935
-38.9416310355149,-39.253723329235
-39.3156323844609,-39.2515118902555
-39.749372536112,-39.2587439415977
-38.9097067303286,-39.261573706353
-39.3819311698712,-39.2605178102848
-38.8968485869057,-39.2605734363365
-39.3580725958907,-39.2564940589249
-39.3290047612269,-39.2571353137167
-39.4932362990046,-39.261249084196
-39.2980358393399,-39.2717264108832
-38.8262922685294,-39.2671353841037
-38.8222082742798,-39.261036306457
-38.9324071566845,-39.2592512978082
-39.0966440369754,-39.2561641044038
-39.3212212917086,-39.2561564998842
-39.9226477577912,-39.2553150588366
-39.5375139917461,-39.2596383005093
-39.323217360371,-39.2631474781739
-39.6630032690508,-39.2651164719601
-39.1479688846854,-39.2637918927309
-39.3402420192142,-39.2629519572963
-39.6584625651692,-39.263493140777
-38.9573003529143,-39.2744935376582
-39.4588139388477,-39.2750459523473
-39.1592847947906,-39.2766512283451
-38.898576257487,-39.272498134121
-39.5822967095615,-39.2632917651552
-39.0567066729844,-39.2706476826718
-38.964472617598,-39.2702962603096
-39.6608648838152,-39.272305379626
-39.4525316275368,-39.2764577913303
-39.2990255544341,-39.2761344256514
-39.4358088647284,-39.2795564195446
-39.367724373066,-39.2851179296991
-39.1795919400999,-39.2894726118586
-39.6442104816055,-39.2861610910403
-38.9785895640452,-39.2876192857601
-38.9009975467288,-39.2845045117026
-39.1739327918422,-39.2771846309246
-39.5272481487614,-39.2801670130125
-39.7001911528281,-39.2826066448136
-39.7388981043239,-39.2900932623644
-39.3007297912735,-39.2957351480279
-39.4845943248449,-39.292993481387
-39.8337936290939,-39.2964828932611
-38.872052500784,-39.3051251560098
-38.7297999871367,-39.301286764893
-39.6641159915984,-39.2914324299548
-39.0033584856407,-39.2947399169289
-39.7765242441871,-39.2906708303588
-39.5023694063222,-39.2941532400914
-39.2964390414184,-39.2963692573216
-39.6412137203768,-39.2956941699307
-39.2854425864974,-39.2956180582171
-39.2288838371394,-39.2949946291124
-39.5949906000207,-39.2947552279979
-39.0871356532714,-39.2960102071037
-39.4079039896759,-39.2922823096105
-39.5994440030933,-39.2922774598289
-39.1458451985631,-39.2949763654148
-39.6914225531501,-39.2947860375731
-39.5849909231186,-39.2951993545982
-39.6308096354591,-39.2957737217659
-39.5868073245183,-39.3015634657421
-39.431914498634,-39.304856657827
-38.8447475230413,-39.3076271547825
-38.8021714236958,-39.3018225251224
-39.1345207280891,-39.2929412982035
-38.9214759529311,-39.2923415425074
-38.9362922559629,-39.2924886961224
-39.0318553528774,-39.2913537066717
-39.0898360588825,-39.2890374501045
-39.4816816668053,-39.2811082304453
-36.0551918404778,-39.2895908172103
-37.0559907317363,-39.2595316868126
-36.5566677211508,-39.240321291446
-36.7445803855281,-39.2159949236794
-36.9563967281765,-39.1953880679694
-36.7674117050016,-39.1724861106057
-36.8424908376826,-39.144394869251
-37.1269137414377,-39.1171956725852
-36.4965960665047,-39.0933253082003
-36.6331325447861,-39.0593981953808
-37.4482057923189,-39.0274984651038
-35.7812575384429,-39.0154811756639
-36.8749259205344,-38.9806796951188
-36.5875478669923,-38.9599125478074
-36.7688315764121,-38.933268941194
-36.4192566089377,-38.9064003848298
-36.6667064950307,-38.878196846592
-36.9675829375198,-38.8566771717863
-36.950606049196,-38.8356639870255
-36.3821216732566,-38.8171665994509
-36.9238747909567,-38.7820554407021
-36.6729215703761,-38.7540706956144
-36.5210656122835,-38.7334596502703
-36.5141565995594,-38.7046512620803
-36.265253477523,-38.679045566212
-36.6634310858785,-38.6452475869086
-36.7111511529639,-38.6186857146642
-36.63578161418,-38.5937979913163
-36.4882465197929,-38.5707394971029
-36.5131444206405,-38.5424656384563
-36.8342997320648,-38.5101033573015
-36.5241070682634,-38.4893492873189
-35.951359199198,-38.4607710463028
-36.4264369664011,-38.4313161524257
-36.3228508681964,-38.4019997961308
-36.6889081683705,-38.3719382572005
-36.5803559108818,-38.3438949758942
-35.8696277170317,-38.3167181766096
-36.4756663971046,-38.2871515310946
-36.1461791580062,-38.2636861123229
-36.4214104655205,-38.2358238323361
-36.2728315583503,-38.2090714966216
-36.3929376578149,-38.178587599288
-35.810466560696,-38.1432904982882
-36.1988778747732,-38.1060200239777
-36.8146118457052,-38.0747766291217
-36.9000517145446,-38.0462927148883
-36.2311434925545,-38.0238135431869
-36.3182792303247,-37.9927225579203
-36.3299822054536,-37.9593207245718
-36.1954814678864,-37.9330475430972
-36.220591518194,-37.9004142183876
-35.9976201422509,-37.8710272856217
-35.96906657687,-37.8420177244693
-35.9627985150087,-37.8058854231424
-36.2998884854898,-37.7749463415626
-36.1729196664509,-37.7483005002415
-36.4120051795985,-37.7134210480679
-36.3292649856565,-37.6830157835885
-36.0701041162327,-37.6533181779007
-36.1694518549097,-37.6196611304158
-36.4437356649055,-37.5876784052342
-36.4808946111049,-37.5603198424823
-36.3649259595719,-37.5286866837773
-36.5232122420466,-37.5025500477325
-36.6953891058152,-37.4787721946857
-36.5150866487214,-37.4539867578254
-36.2864367695446,-37.423865142825
-36.8688522669512,-37.3897275989922
-36.3622453241079,-37.3610271406185
-36.2624884868151,-37.3316422959468
-36.6190564458193,-37.2994212375665
-36.0415457344549,-37.2672738657338
-36.0852776035833,-37.2389687980705
-35.957949827752,-37.2125235742349
-36.1778482867204,-37.1754619125965
-36.2287942445806,-37.1472068106073
-36.1294764669569,-37.1117295106112
-36.3882666683933,-37.0780005812176
-36.2500930658747,-37.0489188574873
-35.7850937931644,-37.0150076509423
-36.2541598771196,-36.980004163009
-36.6429434220351,-36.9502569234088
-36.078085137057,-36.9207364516289
-36.721231281138,-36.8906459464668
-36.3478005017767,-36.8637792193814
-36.1817280646848,-36.8312627843682
-36.2999580313467,-36.8016216130294
-36.0247445548904,-36.7677069678114
-36.3419845820318,-36.7321045041291
-36.2945809544409,-36.6992162535948
-36.0501334097254,-36.6662939898941
-36.5903657672021,-36.632476179005
-36.2997350252009,-36.6099323614466
-36.2157380796446,-36.5849079974616
-36.0862535741161,-36.5557201709772
-36.2763315997996,-36.527367947189
-36.3263374775577,-36.5007683406274
-36.4344994816973,-36.4737131618742
-36.2853867814915,-36.4471597961024
-35.977707936861,-36.4151968472492
-36.2734648805617,-36.4144220082131
-36.2794059372186,-36.4065967497013
-36.1272803548971,-36.403824131862
-36.0746337121471,-36.3976511315557
-36.4986511251866,-36.3888335013954
-36.2125617782661,-36.3861458955972
-36.3444657660313,-36.3798466050031
-36.1603517333217,-36.372022125249
-35.9762742266232,-36.3686596819172
-36.3433403241925,-36.3620910987355
-35.9114012560397,-36.3510424440543
-35.692862233915,-36.3523438812303
-35.8011754121759,-36.3405232443641
-36.1067805340661,-36.3326595198159
-36.2691294601582,-36.3260390093924
-36.2074170057017,-36.3245377379046
-36.2393473801766,-36.3199448430114
-36.2720275726376,-36.3126624874379
-36.2614144376804,-36.3058767026723
-36.0222713618037,-36.3046696303166
-36.0106062704825,-36.295653596025
-36.2505856775741,-36.2890304430261
-36.0947729684974,-36.286325643679
-36.0567406829623,-36.2821318073684
-35.9161147134561,-36.2800466794228
-35.8703102877318,-36.2725735156986
-36.1366400874207,-36.2641651070462
-35.9882326430232,-36.2591736917786
-36.1255240736565,-36.2541735530109
-36.0612631687542,-36.2502973495411
-36.1817742608302,-36.242566983908
-35.9906590043368,-36.2391436558337
-35.9447223040509,-36.2395366538851
-36.3629462933216,-36.2347195072616
-36.1492650917406,-36.2351204615128
-36.2227146233755,-36.2297240307465
-36.0264304890251,-36.2261476178715
-36.0405739382662,-36.2277156455914
-36.0372447116903,-36.223364721003
-36.0611430928167,-36.2222753765398
-36.310484152157,-36.2186727028128
-35.8047342785855,-36.2190492287509
-36.2377482326925,-36.2131671949586
-35.9835297529819,-36.2174400116785
-36.2048655903271,-36.2152865304606
-35.9296239832515,-36.2091890679068
-36.0946830793594,-36.1994847905939
-35.9188098885806,-36.198120186462
-35.6279078851463,-36.1941254930445
-35.9716108306884,-36.1871047498415
-36.2962266762556,-36.1848660434695
-36.1980552261642,-36.1856223950501
-36.1659873451881,-36.1876267458892
-35.6497408189551,-36.1895959535724
-35.8476421745485,-36.1864653766119
-35.8992981552426,-36.1819429135025
-36.4415914187744,-36.1792066983904
-36.2628228121696,-36.1795025607821
-36.1315594032358,-36.1788381390473
-36.4216858176422,-36.1794526919173
-36.082041035669,-36.1819750315446
-35.865878469812,-36.1783580852523
-36.0622667696494,-36.1722079238393
-35.9429638345874,-36.1691813319401
-36.07596225361,-36.1633788478655
-36.3820121856384,-36.1571845793434
-36.1780788857752,-36.1558538347126
-35.55986509753,-36.1547702558749
-35.9821599611507,-36.1416803841807
-36.0119238434134,-36.1378795305511
-35.9081092323171,-36.1353738841171
-35.9613406631162,-36.1282644119821
-35.8264680546891,-36.1274623612687
-35.986745332241,-36.1248742657798
-35.9396568763471,-36.1251622208247
-35.7426048740156,-36.1227803067209
-36.0543378301551,-36.1179184130153
-36.1558542051128,-36.1171670266473
-35.9246063257185,-36.1148429020145
-35.8929709481085,-36.1115880346129
-36.097718563635,-36.1126668061623
-36.3385686209516,-36.1111023930275
-36.0743418053067,-36.1080586450167
-35.9699641922231,-36.1080212116992
-36.1904403525206,-36.10050854081
-36.0962264522285,-36.0989349393174
-35.7883864002256,-36.0980799231929
-35.898128490282,-36.0929642068817
-36.3623865504878,-36.0916980462356
-35.7651742904971,-36.0919020659202
-36.0719164053602,-36.0866079992807
-36.1139332663845,-36.0868258292371
-35.8802361281773,-36.0820615042289
-35.8783397221834,-36.0778665152586
-36.1842963231832,-36.074492531684
-36.1506478590801,-36.0754729591747
-36.0018277374456,-36.0742161217675
-36.0265222655767,-36.0709710243664
-35.9757521912076,-36.0668912522052
-36.332175082153,-36.0637949063023
-35.8666127874254,-36.0673395777553
-35.799556861649,-36.0632710568239
-36.214362701352,-36.0584725660682
-36.1360373005631,-36.0593433895327
-36.0049207226569,-36.0599574254169
-36.0840153399177,-36.0550201213916
-35.8292243857223,-36.0537346570081
-35.7957097698615,-36.048582243205
-36.0944438419399,-36.0449358235704
-36.2202548466541,-36.0461175197236
-36.2905351495107,-36.0448866649482
-36.1466291870865,-36.0486780038829
-36.0463149858634,-36.0532156734146
-36.0421615194309,-36.0556670691515
-36.1248123725236,-36.0550208790052
-35.8428841585993,-36.0535777081288
-36.3926365854065,-36.0499323796578
-35.8432616687157,-36.0514652717101
-35.6296692186398,-36.0471776126709
-35.5283589491976,-36.0408601604805
-35.7118811935748,-36.0359210363544
-35.3166842894905,-36.0329337855853
-35.2074671097837,-36.0235947717045
-35.5849789629289,-36.0147217131174
-35.4547855120301,-36.010004095917
-35.1937970682765,-36.0053908039028
-35.208209853552,-35.9986256717082
-35.3735553426196,-35.9893413693695
-34.8933128175693,-35.9831945963655
-35.0455944079188,-35.9708724838046
-35.1754078111614,-35.9607157961963
-35.2631960277755,-35.9506521316996
-35.504801005948,-35.943377501934
-35.0454786836363,-35.9389782889529
-35.1710950443373,-35.9258036128561
-35.2962967465195,-35.916021912382
-35.5157472681207,-35.9067577336135
-35.031385657818,-35.9016509014045
-35.003185965895,-35.8915590186
-34.9172673111969,-35.881218431142
-35.3589118326252,-35.8697796733258
-35.1602586799412,-35.8602639501305
-34.8913615402328,-35.8538191941441
-34.9560365359309,-35.8403553272195
-34.964935839264,-35.830080395049
-35.0797513315545,-35.8176810975383
-35.0150522853653,-35.8091823710213
-35.267047753585,-35.7983860630814
-35.0517896517247,-35.7918684417315
-34.9842441420239,-35.7861072593972
-34.9223393703939,-35.7762335925106
-35.3695132334358,-35.762494719452
-34.6628161511876,-35.7542092995247
-34.9657454322228,-35.7391775875847
-35.3251615028719,-35.7323376337174
-35.0293499631043,-35.7271128270006
-35.5282380489614,-35.7184133450792
-34.991813271435,-35.7092798113811
-35.7735410737908,-35.6965697159737
-35.1968948890227,-35.6929895326793
-35.1214882861567,-35.6807416233931
-35.9435844740349,-35.671136095898
-35.5993358718207,-35.6719131559402
-35.9878717855319,-35.6672838469619
-35.2631151212005,-35.6677329264714
-35.1242029484623,-35.6596044551473
-35.2846178503922,-35.6470263627755
-34.9255889770402,-35.6380917524217
-35.1293423519949,-35.6317489912168
-35.2975582667382,-35.6232208151252
-35.1354499747332,-35.6160771593585
-35.0109948150568,-35.6083505667826
-34.7246082358078,-35.598847108302
-35.5715642747139,-35.5878285101132
-34.9718242708186,-35.5836766995379
-34.6474669030819,-35.5739983734827
-35.0040026080158,-35.5630469937733
-35.0288072275368,-35.5525436415519
-34.6502152006113,-35.5412731717762
-34.7419360782143,-35.5285292605251
-35.1641675564695,-35.5170189118261
-35.0116466728442,-35.5076834017545
-35.0943038615985,-35.4944141822734
-34.8072425817707,-35.4846138028363
-34.7192157669633,-35.4729865867318
-34.6075647551014,-35.4582743408762
-34.8737898412935,-35.443387723905
-34.6446444823756,-35.4342417583157
-34.9623682438146,-35.4217069182366
-34.7645284074548,-35.4077067351699
-35.0119087784607,-35.3977002763394
-35.0605258804642,-35.3871002000704
-34.8657109399219,-35.3765661262112
-35.1572667830492,-35.3664208743287
-35.1004856488684,-35.3592101449373
-34.800654864579,-35.3483720381942
-34.9205933838256,-35.3348721082492
-35.0412354664199,-35.324059764713
-34.70797580999,-35.3142068967214
-35.4522427576467,-35.3015291329092
-35.1662778447243,-35.2927298096642
-34.7987838542724,-35.2857264602372
-35.1048184975876,-35.2757187301634
-35.1335666654431,-35.2646232881258
-35.211331160472,-35.2545985817745
-35.0506543655347,-35.2466626861527
-35.1157133908128,-35.2363290764089
-34.6461302892371,-35.2291939664598
-35.2273585342224,-35.2176981716535
-35.3306232316264,-35.2090273185764
-35.6180195293359,-35.2001310024261
-35.6523620596328,-35.1934058462243
-35.2791614959847,-35.1884631749498
-36.1838328392265,-35.180791640051
-36.2150989772992,-35.182208353249
-35.7492128300233,-35.1831112192967
-36.1505645823014,-35.182174506011
-34.9511770695338,-35.1797537859799
-35.124606442099,-35.1708329399881
-35.4635146465903,-35.1657823122227
-35.4050909622034,-35.1651338691966
-35.2665651496786,-35.1620659668829
-35.0140115657747,-35.1615647754848
-35.0343048357815,-35.1596302200447
-36.0576317584228,-35.1541234787732
-36.1649027653572,-35.1601519412371
-35.5091112022782,-35.1698629982079
-35.0168438201691,-35.1728720116952
-35.2975876838559,-35.1693048964707
-35.2411120676185,-35.1733476451336
-35.3793862526829,-35.1753028217306
-35.3315597195547,-35.1773426061458
-36.539680400322,-35.1780262430636
-35.3081320900601,-35.1883750370073
-35.2674861227567,-35.1910015710716
-35.0209791848168,-35.1919654818558
-35.8558445266461,-35.1892123062387
-35.4905546244339,-35.192613278824
-35.0156309529962,-35.1972049684901
-36.5779529170006,-35.1973294183611
-35.0885540405059,-35.2139362744192
-36.3285136522717,-35.211232696498
-35.4035569761832,-35.2229152462213
-35.9680051560144,-35.2280372005808
-36.0767514558859,-35.2381568867816
-36.9704057274483,-35.2492750429479
-36.159242448462,-35.2681815869068
-36.2434462837928,-35.2796234885378
-36.4932558292269,-35.2893874738398
-35.6680296138021,-35.3038021356149
-36.2214426112198,-35.3106399903326
-36.933921618478,-35.3236310227409
-35.5550779849988,-35.3392751065913
-37.101714962271,-35.3481977249294
-36.5028933045739,-35.3695574202299
-35.7729600414366,-35.3813347382469
-36.4505391704747,-35.3887708390303
-36.9285962215993,-35.3979938502454
-37.7703889118951,-35.417361679747
-36.7290310102045,-35.4373301581281
-36.0334324787784,-35.4526515193399
-36.8918241287111,-35.4617709612661
-37.3828817051578,-35.4712533578129
-37.0192005796267,-35.4890888161462
-38.048410486369,-35.4994021040872
-37.2378012566705,-35.5272550577389
-37.9236608876509,-35.548391040821
-36.9119567561435,-35.5747814711935
-37.9083485116364,-35.5946451489846
-37.5985625488535,-35.622435210581
-37.4023867060749,-35.6454452534021
-37.9137711194208,-35.6681146207156
-37.3809108766391,-35.6971423837592
-37.1363817772607,-35.7237054101675
-37.5726160292551,-35.739353585193
-37.5411451494557,-35.7653615027773
-37.2595868460631,-35.7942982852411
-36.7314734262636,-35.8168541276216
-38.1531188892916,-35.8338807896088
-37.9502203324772,-35.8689098264956
-37.4219218056268,-35.9009926690383
-37.7197351284652,-35.9235702115298
-37.3847243395296,-35.950651096086
-37.6352513673018,-35.9735553008654
-37.1628018039163,-36.0018353887207
-37.6233372010961,-36.0262712490902
-37.7442897028828,-36.0564289735501
-37.6877187645133,-36.085133972166
-37.3371495884035,-36.1155647149874
-37.9072654881387,-36.1393125284333
-38.222784294782,-36.1707398992401
-37.7581605979267,-36.2028486544033
-37.9674861471969,-36.229825001578
-38.1472317424518,-36.2608427536507
-37.3703365331293,-36.2907424032448
-37.7116341034717,-36.3134409120874
-38.1797457150688,-36.3425507044763
-37.2503772836037,-36.3751422277887
-38.247673717081,-36.3972336459606
-38.3142871952808,-36.4326306250315
-37.8781219052251,-36.4612510694078
-37.6480167120214,-36.4883695100128
-37.6928538874862,-36.5168618385903
-38.1260892592175,-36.5427421924893
-37.9013781356628,-36.572667418427
-37.9656965852028,-36.5995678881789
-38.3117622595101,-36.6287183103756
-38.1204750681246,-36.6606787990626
-37.9209397768786,-36.6954222468515
-37.966437113359,-36.722358059278
-38.1983458200101,-36.7487161980954
-37.7470585002022,-36.7745194610021
-37.9599904121061,-36.7954664254078
-38.6436596290446,-36.822274714569
-38.0750705872877,-36.8468729824672
-38.507676718258,-36.8654726985671
-38.4943016008521,-36.8930573374494
-39.1491592732935,-36.9164947076349
-38.9038405280017,-36.9584745296725
-38.8878327283106,-36.9962668705316
-40.0538568492524,-37.0305100513488
-39.7658709674007,-37.0769977102193
-39.5636134624475,-37.1219907683965
-39.9048836451249,-37.1674867873632
-40.0720383398587,-37.2161925754566
-39.433183778489,-37.256336641271
-39.7364189946585,-37.2890194514023
-39.9608683606291,-37.3312925293261
-40.1570439312169,-37.3807327747307
-39.803760126207,-37.4293273372043
-39.8693913800762,-37.4749538177902
-39.9495525047299,-37.5198538690641
-40.1088786144804,-37.5660337969159
-40.0343411445365,-37.6017257790575
-39.8960670206904,-37.6489878696022
-39.9094680475586,-37.6952736785816
-39.564724146952,-37.744158567209
-40.3465469205126,-37.7812473634121
-40.1556605395968,-37.8298072863728
-40.2017063212999,-37.8812075822389
-39.9786033942006,-37.9174451162818
-39.8493811663487,-37.9663456098188
-40.2444835071129,-38.0015542849596
-40.2822440615803,-38.0499635502689
-40.5079750260725,-38.0931059393245
-39.8106277975872,-38.1374181750264
-40.924560573069,-38.1658203957278
-40.1328129245302,-38.2134735769738
-40.2820557949956,-38.2523672433812
-39.8261400956003,-38.2902552430389
-40.1970320216605,-38.3318363478569
-40.4763246836189,-38.3715922419613
-40.0138260527476,-38.4070162726127
-39.932302183157,-38.4516037532902
-39.9289716155984,-38.479909625499
-39.9838409699527,-38.5141704086093
-40.4562575127239,-38.5562792178945
-39.9715857877647,-38.5963364013169
-40.0275614014492,-38.6267662969786
-39.4626120473235,-38.6493380218741
-40.0678273566355,-38.6766738322453
-40.2641457541531,-38.7170177810239
-40.6104061711785,-38.7507409972783
-40.4719528805411,-38.7830162419385
-39.916402079963,-38.8175437649477
-40.3495255582259,-38.8362236808836
-40.717171640623,-38.8673409238992
-40.5753585863743,-38.8952760314289
-40.5671567541124,-38.9319100497312
-40.4814756233102,-38.958498132156
-40.6889759859865,-38.9873272629005
-40.5451320983555,-39.0201931556996
-39.9620122841233,-39.046506765489
-40.2993408781523,-39.0723177795638
-40.2082848390844,-39.1039473705727
-39.9023163269244,-39.130304058671
-40.0716747668694,-39.1539157704457
-40.5641156023924,-39.1820366496538
-40.5873470781309,-39.2203630714151
-40.6549504174577,-39.2447053533035
-40.1525844798175,-39.2717526541533
-39.9111503695985,-39.2990592808952
-39.9475580772986,-39.3209734333065
-40.045921681082,-39.3466017706842
-40.8015697690187,-39.370708473822
-40.3108539918838,-39.407096153473
-40.2773076593884,-39.4339713213809
-40.5820501348993,-39.459301500946
-39.4859169881303,-39.4882448146498
-40.3793294690395,-39.5097324886471
-40.7625776234568,-39.5344531284561
-40.6057501444065,-39.5598510617428
-40.6951679498808,-39.5883269572076
-40.4321138823865,-39.6156037752345
-40.8293379645353,-39.6384525966338
-40.4994620137644,-39.6730426109479
-41.0848638727738,-39.7009208900508
-40.3048242281499,-39.7299720716279
-40.7401764405919,-39.7605165410733
-40.8704301437929,-39.7854415683084
-40.6926346901339,-39.8110029977936
-40.3617939169642,-39.8391481256426
-40.9985591254287,-39.8662858976921
-41.0939137173863,-39.8993429500715
-41.0770782579641,-39.9290211946532
-40.7231246432154,-39.9607781958762
-40.8104710761746,-39.9883524764563
-40.9341408186772,-40.013339564623
-40.6273915452034,-40.0414762221285
-40.0881381914662,-40.0685407398118
-40.6560220899829,-40.0897577505928
-40.3734124726593,-40.1143345132926
-40.685324674053,-40.1405980530171
-40.4661784898568,-40.1678513956366
-40.502713544222,-40.1860765842447
-40.6668620041126,-40.210353013814
-40.6718483301958,-40.2319448666726
-40.9859747203852,-40.253720333966
-40.7067088981031,-40.272088488437
-40.7364312462632,-40.290117172138
-40.7665914191691,-40.3086031573175
-41.3360138450627,-40.3157305030167
-41.0196463144119,-40.3314319317933
-41.3587152574107,-40.3459922603129
-41.3393765297385,-40.3605305764358
-40.6213202939787,-40.3732039583346
-40.3408882672643,-40.3850853234895
-41.3745415218816,-40.3911300162155
-40.4172744013858,-40.4052667478281
-40.344404922336,-40.4078690525297
-40.5024508933231,-40.413275500491
-41.5701766646079,-40.4196060956235
-40.9877964115156,-40.4358123372223
-40.7741304636174,-40.4446015151926
-41.0217333860739,-40.4519994083835
-40.633954502185,-40.4632560720373
-40.4941517122056,-40.4705009365835
-40.4593464286142,-40.4797952122361
-40.7628905849498,-40.4809232073171
-41.3593962776391,-40.4869955077706
-41.0384211628144,-40.498572407334
-40.711398530839,-40.5091705850202
-40.691488161505,-40.5177907586651
-40.0348143626488,-40.522260805209
-40.6402830647424,-40.5197865082197
-40.928978574815,-40.5211095886064
-41.112664667445,-40.5322930963786
-40.8252428614709,-40.5341741373224
-40.5815733292323,-40.5410984366918
-40.9293360563451,-40.5440936120342
-41.0065060231251,-40.5551255716416
-41.4881775517034,-40.5632203116563
-41.0541721677473,-40.5733388403371
-41.0295914231453,-40.5837423014871
-40.6060616730767,-40.594715193887
-40.8767353768165,-40.6014860944618
-40.7191969646676,-40.6104150385304
-40.6166492506238,-40.6130444330499
-41.1281875778235,-40.6194950676784
-40.723462824399,-40.6305013294422
-41.1162970304657,-40.6431098372129
-40.8253201513928,-40.6535945339512
-40.3888980581645,-40.6592062779236
-40.6764402683518,-40.6569911967935
-41.0498910797212,-40.6590360706716
-41.1424648412461,-40.6703709606692
-40.9040765462188,-40.6783003534994
-40.1811187764396,-40.6801694025553
-40.6996806260063,-40.676227004456
-40.2419587598125,-40.6775522431749
-40.5498450325581,-40.67515707454
-41.0347134811434,-40.6737657650057
-41.1649497081583,-40.6786615788336
-40.8650260956054,-40.6906909530739
-40.4289706047431,-40.6963478052485
-41.1770710985024,-40.698554662905
-41.3380447336748,-40.7113022106208
-40.7337405522071,-40.7239659102889
-41.1498228776471,-40.725662159787
-41.4079020154898,-40.7312869177822
-41.243651806952,-40.7388164337625
-40.3359487544241,-40.7497271070338
-40.6656364051137,-40.7539750908821
-40.751740738668,-40.7611558741603
-40.9589354673218,-40.7682140647361
-40.9904909079914,-40.7697877217191
-40.9722520807115,-40.7765840908802
-40.4399499276672,-40.7835335350934
-40.7928715017575,-40.7821125330211
-40.8063730245524,-40.7951820781574
-41.2302931270181,-40.7994525137125
-40.7701178078973,-40.8041296687481
-40.6996317911599,-40.805773345383
-40.8249457140356,-40.8058179837958
-40.8186821890011,-40.8097463021123
-41.0543816402923,-40.809639744357
-40.4398530048004,-40.8151889406223
-40.979779358824,-40.8087388319425
-40.8580498985629,-40.8154883832493
-40.074142889152,-40.816667117829
-40.6275875988011,-40.8087042452826
-40.6305652260653,-40.8080537743692
-40.4586974037035,-40.8107414874602
-40.7823224149655,-40.805342870243
-40.1147919014745,-40.8022269572188
-40.227707221399,-40.7926040936539
-40.0328457668308,-40.7876499194357
-41.0538534840123,-40.7798736663423
-40.2821452895463,-40.7810707929956
-40.3059721755101,-40.7776183304391
-41.0563884274391,-40.7797966702795
-40.7616522482055,-40.7838003336541
-40.0332848615658,-40.7876827314095
-40.7363539976866,-40.7811623332847
-40.5677496609376,-40.783864088363
-40.577387829757,-40.7845144495301
-40.4059117122644,-40.7836197077866
-40.6611218325561,-40.7809603416073
-40.3609690812907,-40.777711812729
-40.6220871675878,-40.7742544145608
-40.6047662239274,-40.7731109737741
-40.457202893575,-40.7714927218217
-40.4644614246351,-40.7627046123068
-40.8445807349433,-40.757152763409
-40.1931654579802,-40.7520114181843
-40.9050430127223,-40.7405493074668
-39.852930122215,-40.7433865346542
-40.196756226549,-40.7385069532037
-39.8608723106481,-40.7267291002504
-39.7046153461712,-40.721165079343
-40.6741444177428,-40.7147671835814
-41.0633234024848,-40.7164841188255
-40.4654124825627,-40.7114155862043
-40.4837859731935,-40.7061917469148
-40.7354255228367,-40.7032883020105
-39.6897742835637,-40.7004252233782
-40.5860776885619,-40.690983421192
-40.0897564778365,-40.6919026809555
-40.066378890853,-40.6882067814477
-40.600826159223,-40.6812416645068
-40.4494880949319,-40.6736559633226
-40.5269528262426,-40.6677666326438
-40.4962531780044,-40.6659221755978
-40.3599506049194,-40.6639698257628
-40.7375209615171,-40.6672211881855
-40.7809881687756,-40.6681935671533
-40.5326184795653,-40.6667136630929
-40.3105555665822,-40.6609132012141
-40.4942024175742,-40.6557663282652
-40.9673833925698,-40.6548926191486
-40.479528461719,-40.6552730925109
-40.3951881107036,-40.6500033168968
-40.8390578644933,-40.6390734224868
-40.4040361098619,-40.6369222794543
-41.0196254535635,-40.6306667263214
-40.9287317357165,-40.6348023641263
-40.741836606103,-40.6353223277153
-40.6789156764106,-40.6355487241297
-39.8814958257116,-40.6361713883875
-40.545314625677,-40.6237044708664
-40.0377016724527,-40.6219229888792
-40.647409347509,-40.6111370352991
-40.1763855201468,-40.6093579272602
-40.3833638046391,-40.60723280188
-40.726077549203,-40.6043020372429
-40.0339080884351,-40.6010639019377
-40.2759701588528,-40.5899783344096
-40.1295212863757,-40.583697270536
-40.4736932751217,-40.5831812956353
-40.9018678189451,-40.5809214221265
-40.1294413472922,-40.5875205127178
-40.6346818018063,-40.5833164758651
-40.6913657110461,-40.5793161590718
-39.5948148882135,-40.5745803191006
-39.9491246777492,-40.5618782070267
-40.6985043493393,-40.5570797477568
-40.3574127534282,-40.5522940802652
-39.831410605711,-40.5424877604627
-39.8207150131072,-40.5334644609977
-40.0496917926636,-40.5201733823523
-40.4423362383359,-40.5065912801241
-40.435573878917,-40.4985781244379
-40.7402942394652,-40.4995743756828
-39.7563237984203,-40.5003209540264
-40.4149483990517,-40.4903667846239
-40.0183476186576,-40.4849269139412
-40.1732361727154,-40.4752054810478
-40.1173391671849,-40.4672153219679
-40.0256570647577,-40.4639892143631
-39.8473584631177,-40.4563170699931
-40.2667469950689,-40.4467269243787
-39.4443206421597,-40.4370914630592
-40.6259000403758,-40.4238334914018
-40.672864068641,-40.423096173894
-39.5844976218504,-40.4215753574401
-40.5772196670467,-40.4092335117686
-40.1147699577491,-40.4044618920361
-39.7430610750175,-40.4012110615656
-40.6114651493491,-40.3888438787275
-39.3091587731635,-40.3863780312354
-40.0946003469055,-40.3787281900755
-40.5272238622766,-40.3733983175565
-40.2216670287231,-40.3723649039186
-40.3855023795216,-40.3699946001688
-40.1355195910934,-40.3660263998144
-39.727842567343,-40.3662336767106
-40.2996164404823,-40.36123503017
-40.165379937239,-40.3639027369066
-39.3382056911219,-40.3550180014388
-39.5520184162931,-40.3455786054546
-39.7643633362306,-40.3380390678624
-40.1778181914273,-40.3251188169503
-40.1588071296378,-40.3192804763825
-40.1900775696146,-40.3205356990633
-40.2243785324029,-40.3150729347825
-40.3242125327039,-40.3116392234972
-40.0124299182516,-40.3091074705266
-39.8062519299878,-40.3051726525865
-40.0903918521952,-40.2966239535608
-40.1536000131468,-40.2939181812699
-39.8384039950075,-40.2892333097255
-39.8968319459902,-40.2815696874363
-39.8731604464658,-40.2759659779604
-39.6355594405621,-40.2700529681787
-39.4665636616816,-40.2579627552349
-39.8032966642413,-40.2506967372719
-39.7520269752437,-40.2396792737871
-39.3450086114131,-40.2386702423174
-39.7495758024283,-40.2301527661661
-39.8282416434702,-40.2290398010839
-40.2655303164031,-40.2302760640569
-40.1466166574653,-40.2261899230435
-40.0495501647866,-40.2170228555933
-39.9351561247325,-40.2128642324155
-40.2583504443655,-40.2073779339309
-39.8351707768739,-40.2026071831462
-39.3285350155312,-40.2040611480793
-39.8917369689456,-40.191485721349
-40.1139334036633,-40.1895055262601
-39.9450110446797,-40.1899810713882
-39.6131654973665,-40.1834229202427
-40.0633661567971,-40.1750596942671
-38.9381428610817,-40.1704238275726
-39.9506309539874,-40.1548427244034
-39.6662433840409,-40.1507495278941
-39.2069088242858,-40.1400367521193
-39.7007904083031,-40.1242959586744
-40.4810306311827,-40.1159776779618
-39.3006110187482,-40.1176824286078
-39.8940237409343,-40.1057465146195
-39.9134919642407,-40.0950129181032
-40.2686346707465,-40.0893525531284
-40.1318144800611,-40.0880870187288
-40.2408128319411,-40.0810145848845
-39.9295161069251,-40.0793823521053
-39.6081978295662,-40.0684812586389
-39.8956349131733,-40.0552759195774
-39.6559693149774,-40.0468139026481
-39.9199923037601,-40.0365844390338
-39.6935873288089,-40.0369694038143
-39.4033557362619,-40.0284521308456
-39.93365423873,-40.0221086714837
-39.6634987328172,-40.0149711203959
-39.7662150477878,-40.0098422525226
-39.7526444615602,-40.0036707649541
-39.4373237546232,-39.9939364340777
-39.7803546183115,-39.9879705907395
-39.634805030429,-39.9830144353341
-39.5192475859003,-39.9780672727747
-39.4074956360389,-39.9685228158824
-39.4936726466428,-39.9535790940534
-39.4878236376152,-39.9472214070469
-39.8570348943488,-39.935752825405
-39.7653969065054,-39.927409517238
-39.3164908237772,-39.9291153374209
-39.4794535973341,-39.9227889988812
-39.1119725070533,-39.9105984913611
-39.2497563995805,-39.8981440888974
-39.3438729369413,-39.8923275468361
-38.7711662730135,-39.8875591260744
-39.2535055816041,-39.8747738708779
-39.1056299953093,-39.8628855643106
-39.5797320366653,-39.8495861254745
-39.1902303644617,-39.8379805034465
-39.5273582290257,-39.832319569107
-39.9376295333685,-39.8234436674067
-39.2609708837414,-39.8226364865538
-38.7431085042677,-39.8135138336641
-39.2833248651677,-39.7997715270349
-38.7810135753666,-39.792348205039
-38.8293992431128,-39.7816847561615
-38.7886471995727,-39.7673112786419
-38.7958124614685,-39.760754544216
-38.6705293964775,-39.742453668427
-38.3430323684318,-39.7224303217053
-38.9278513932339,-39.7100156691712
-38.8853577129381,-39.693521986433
-38.5885605768965,-39.6812278639849
-39.0979877946085,-39.6696828590037
-38.5751898597347,-39.6545480854563
-38.1871593033616,-39.647208396322
-38.6897435617118,-39.6281339858866
-38.4722572945756,-39.6097591828809
-38.6934056580637,-39.5922650855395
-37.9520294988412,-39.5753441183249
-38.1225115616617,-39.5535092174023
-38.7532150494015,-39.5374559073455
-37.8709056559943,-39.5219918934347
-37.9960344872846,-39.4990471506223
-37.4022617848365,-39.4856254385839
-38.6427804773911,-39.4641278722693
-38.1391365887087,-39.4529120436809
-38.4601161295936,-39.4325252276538
-38.2686438251939,-39.4155383176533
-38.4096447040679,-39.3963239802091
-37.8591446336668,-39.3781766419258
-37.6927020946842,-39.3535259629354
-38.4695374134653,-39.3303286846997
-38.0123885629758,-39.3169615395345
-38.2354605021832,-39.2961815066423
-38.3971363395915,-39.2770001115327
-38.4615272378933,-39.2625874349785
-37.7759395549578,-39.2482343878975
-38.1766068719617,-39.2272621789825
-38.1670710083497,-39.2126726532965
-38.166159372873,-39.1996777267631
-37.4688912578726,-39.1833063538494
-38.4129597908835,-39.1604749966757
-38.1971222484164,-39.1511545084704
-38.1654302482707,-39.1356299729303
-37.5383780900274,-39.1190018589783
-38.1053824972867,-39.0917303367146
-37.9294792715966,-39.0713179951128
-37.892188506173,-39.0501172861809
-37.0962849196188,-39.0296876099953
-38.2336641961882,-38.9980669547478
-38.2646046196911,-38.982051888941
-37.0314609257342,-38.9714125849826
-37.9058678642309,-38.9428098245504
-37.0557412150711,-38.9207291691561
-37.9931883553107,-38.89183647086
-37.4717384261013,-38.8756366994395
-37.6276005533533,-38.8497204221325
-37.6528209779857,-38.8366149990552
-38.026426027863,-38.8136368992952
-37.2774043352741,-38.7972387257334
-37.0255190192285,-38.7779436808433
-37.6376528491325,-38.7511909669526
-38.3432785644407,-38.7227571891321
-37.9231974794974,-38.713183864589
-37.8830100672869,-38.6934756019746
-38.1341732757433,-38.6731707830051
-37.6753410620928,-38.6518261690551
-37.7278188963801,-38.6272614348754
-37.4539393936232,-38.6021314955198
-37.604497875688,-38.5773757283868
-37.8001131821031,-38.557338728848
-37.8107586314327,-38.5363835115373
-37.3748047300938,-38.5179314047018
-37.7212990501886,-38.4924795289652
-37.3478142869977,-38.472756646179
-37.4497013278521,-38.4522012316863
-37.6582570633806,-38.4273617025775
-37.1922760658854,-38.4073092858832
-37.4339567170197,-38.3815698960641
-37.766998057449,-38.3583830186187
-37.5675123286101,-38.341679761647
-37.8421270595118,-38.31955133875
-37.6454261275945,-38.3016245590408
-37.3773275724547,-38.2828863444578
-38.1799326276213,-38.2625846638219
-38.3133516998991,-38.2494472636317
-37.5052082524339,-38.2377025442545
-37.5975316420179,-38.2141842778354
-37.9891259900025,-38.1925056251905
-37.3224811963912,-38.1792319768528
-38.7617545334042,-38.1576622528433
-37.9050049239209,-38.1541600731068
-37.2695364553878,-38.1407125583502
-37.7307172601969,-38.1199691935347
-37.4440580959525,-38.1095647034066
-38.4500813776727,-38.09147022855
-37.9295486168359,-38.0849147423737
-38.3673002149721,-38.0684129081754
-37.5559990826673,-38.0601836066805
-38.22876008077,-38.0404700152169
-37.6945450142826,-38.0233813206909
-37.620873244291,-38.0077170619963
-38.444211581959,-37.9964947093965
-37.8940295121886,-37.9881035765645
-38.4824158133787,-37.9792337359327
-38.4554437273183,-37.9757639016353
-37.7758794066882,-37.9724318669128
-37.9159117388565,-37.962232536365
-39.6075854738784,-37.9546863597888
-38.4408686376435,-37.9673318908433
-37.6501896743718,-37.9624620632874
-37.5865654914882,-37.9501103829017
-38.0602607425619,-37.9400904320476
-38.41898830297,-37.9297131615271
-38.0017421528354,-37.9281511459595
-38.3968439620553,-37.9262969744542
-37.7995182874397,-37.9233679784577
-37.1539913955838,-37.9166405883863
-37.4705883546432,-37.9012464457615
-38.1142913410153,-37.8964320343195
-38.4242790821773,-37.8963498321131
-38.4837962128766,-37.8930604724408
-38.8750787629956,-37.8991893780096
-38.4487621104234,-37.9079798207668
-37.8480159843483,-37.9184448240226
-38.5814607226609,-37.9104971790922
-40.2602829932527,-37.9149204204317
-38.9365650117259,-37.9329220890683
-38.2283844406033,-37.9396013009336
-38.2948467378599,-37.937788698299
-37.7480577819816,-37.9421457193409
-37.114956503961,-37.9426992762139
-38.919577603279,-37.9291534671189
-38.2248770417687,-37.9382253575219
-38.4839677365039,-37.9381195229177
-38.3668436065347,-37.9389878368868
-37.8347174608909,-37.9380410005733
-38.2121249518413,-37.9386287796326
-37.6719386808621,-37.9389839604314
-37.6759809233229,-37.9340326371565
-37.6995073144894,-37.929130852661
-38.4231277576659,-37.9314370132272
-38.4160278373942,-37.931538692895
-37.5528298579158,-37.9337277487848
-38.3818515566977,-37.9276017448812
-38.2367831487912,-37.9360364795479
-37.9012692486486,-37.937350486063
-37.7278545977197,-37.9370683858335
-38.928273172791,-37.935425046749
-38.7242521222766,-37.9537449292807
-37.8836003283927,-37.9586508085416
-38.9613343406323,-37.9548407656286
-38.8876389790424,-37.9741394997776
-38.6712384845142,-37.9839572109257
-38.1027523819744,-38.0001121836201
-37.987481970318,-38.0012078238868
-38.7589849166985,-38.0063652593289
-38.6982294519784,-38.0176791029624
-37.6881949490578,-38.0281331877023
-37.6952271381709,-38.0247508769143
-39.2305610922723,-38.0289291049432
-38.5684725512697,-38.0509795256737
-38.5852231363525,-38.060287722695
-38.0126377503711,-38.0627071684142
-38.1609127229123,-38.0636015711229
-38.2113473905376,-38.0663805976791
-38.4257120362018,-38.0671523388271
-38.1482047599843,-38.0746560485682
-37.6827970991401,-38.0788599072042
-39.2182108837727,-38.0811484842594
-38.963722491118,-38.0972856143402
-39.189316252618,-38.1089217074304
-37.8743914403728,-38.1227072836422
-38.5843214764026,-38.127703150745
-38.8864247668984,-38.1363333750072
-39.2220967259179,-38.1517194798062
-37.6938913843089,-38.1694434337868
-39.4123545805162,-38.1697997769961
-39.1940699203389,-38.1920005621424
-38.2299178171221,-38.2096016941756
-38.6461046458845,-38.2142308917724
-38.5105445327375,-38.2250168149451
-39.2451177931316,-38.2317009896773
-39.0930369964757,-38.2476979063327
-39.2389139812352,-38.2648550005729
-39.3411422079229,-38.2754448141091
-38.9870901336508,-38.2857227191893
-38.9126826286783,-38.3005415380015
-38.8847067111108,-38.3136930478681
-38.8520221546917,-38.3226488550792
-39.5815627778835,-38.3379442646622
-38.481412339935,-38.346142347107
-39.1734321070231,-38.3519064212671
-38.3939353469106,-38.3709453777835
-38.9081164705914,-38.3775775586506
-38.9175592208735,-38.392218142397
-38.9551426857641,-38.396892920829
-39.516623182249,-38.4071488615183
-38.3618511951952,-38.418642091191
-39.1794596072852,-38.4267006123163
-37.9211945664612,-38.4362076075815
-39.1091407627579,-38.4384741031033
-38.562529074376,-38.4533567782879
-38.1885559155709,-38.4545399532121
-38.7769300501546,-38.4574852172459
-37.7919048477324,-38.4604303596137
-38.8217701291975,-38.4537949708178
-38.6571019529874,-38.4642538780429
-38.408738430105,-38.4716657801842
-38.5369943377146,-38.4596773097465
-38.0859837040203,-38.4606385667472
